Model,Color
BMW i3,Jucaro Beige Metallic with Frozen Grey Accent
750i xDrive Sedan,Mineral White Metallic
540i xDrive Sedan,Imperial Blue Metallic
ALPINA B6 xDrive Gran Coupe,Glacier Silver Metallic
BMW i8 Roadster,Crystal White Pearl Metallic with BMW i Frozen Blue accent
BMW i8 Roadster,Donington Grey
M5 Competition,Singapore Gray Metallic
M40i,Phytonic Blue Metallic
M6 Gran Coupe,Alpine White
640i xDrive Gran Turismo,Jatoba Brown Metallic
640i xDrive Gran Turismo,Black Sapphire Metallic
M4 Coupe,Black Sapphire Metallic
M3 Sedan,Yas Marina Blue Metallic
540i xDrive Sedan,Mineral White Metallic
sDrive28i,Misano Blue Metallic
M2 Competition,Sunset Orange Metallic
xDrive28i,Misano Blue Metallic
xDrive30i,Alpine White
sDrive35i,Jet Black
ALPINA B7 xDrive,Alpine White
xDrive28i,Sunset Orange Metallic
740e xDrive iPerformance,Glacier Silver Metallic
xDrive40i,Black Sapphire Metallic
M5 Competition,Alpine White
530i xDrive Sedan,Alpine White
M40i,Black Sapphire Metallic
ALPINA B7 xDrive,ALPINA Blue Metallic
sDrive28i,Mineral White Metallic
340i xDrive Gran Turismo,Mineral Grey Metallic
750i xDrive Sedan,Jatoba Brown Metallic
M550i xDrive Sedan,Carbon Black Metallic
M760i xDrive Sedan,Mineral White Metallic
M3 Sedan,Sakhir Orange Metallic
sDrive28i,Black Sapphire Metallic
BMW i3,Mineral Grey with BMW i Frozen Blue accent
740i xDrive Sedan,Arctic Grey Metallic
740i xDrive Sedan,Imperial Blue Metallic
M4 Convertible,Mineral Grey Metallic
xDrive50i,Alpine White
M3 Sedan,Austin Yellow Metallic
530i xDrive Sedan,Jet Black
740i xDrive Sedan,Dark Graphite Metallic
M4 Coupe,Sakhir Orange Metallic
xDrive28i,Black Sapphire Metallic
M5 Sedan,Black Sapphire Metallic
M4 Convertible,Sakhir Orange Metallic
340i xDrive Gran Turismo,Alpine White
M6 Gran Coupe,Black Sapphire Metallic
xDrive50i,Arctic Grey Metallic
540i xDrive Sedan,Mediterranean Blue Metallic
sDrive28i,Alpine White
M40i,Carbon Black Metallic
530i xDrive Sedan,Cashmere Silver Metallic
530e xDrive iPerformance,Jatoba Brown Metallic
330i xDrive Sports Wagon,Sunset Orange Metallic
530i Sedan,Glacier Silver Metallic
sDrive30i,Dark Olive Metallic
M2 Competition,Alpine White
740i xDrive Sedan,Jet Black
M850i xDrive Coupe,Jatoba Brown Metallic
M2 Competition,Hockenheim Silver Metallic
xDrive40i,Sunstone Metallic
M5 Sedan,Alpine White
M550i xDrive Sedan,Alpine White
M35i,Sunset Orange Metallic
xDrive50i,Glacier Silver Metallic
xDrive35i,Dark Graphite Metallic
740i Sedan,Jet Black
xDrive50i,Jet Black
Z4 sDrive30i,Mediterranean Blue Metallic
740i xDrive Sedan,Glacier Silver Metallic
BMW i8 Coupe,Sophisto Grey Metallic with BMW i Frozen Blue accent
740i Sedan,Magellan Gray Metallic
M2 Competition,Black Sapphire Metallic
M6 Gran Coupe,San Marino Blue metallic
xDrive30i,Jet Black
530i Sedan,Imperial Blue Metallic
xDrive40i,Arctic Grey Metallic
xDrive50i,Mineral White Metallic
340i xDrive Gran Turismo,Mineral White Metallic
BMW i8 Roadster,Sophisto Grey Metallic with BMW i Frozen Blue accent
M35i,Black Sapphire Metallic
